,,s,s,s
Time Step,Wall Time,Step Size,Simulation Time,CPU Time
       1,2026-06-19T10:49:41.985+02:00, 0.230E+00,   0.23046, 0.32188E+01
       2,2026-06-19T10:49:42.209+02:00, 0.230E+00,   0.46091, 0.34219E+01
       3,2026-06-19T10:49:42.501+02:00, 0.230E+00,   0.69137, 0.37031E+01
       4,2026-06-19T10:49:42.694+02:00, 0.230E+00,   0.92183, 0.39062E+01
       5,2026-06-19T10:49:42.873+02:00, 0.230E+00,   1.15228, 0.40781E+01
       6,2026-06-19T10:49:43.133+02:00, 0.230E+00,   1.38274, 0.43281E+01
       7,2026-06-19T10:49:43.309+02:00, 0.230E+00,   1.61320, 0.45000E+01
       8,2026-06-19T10:49:43.496+02:00, 0.230E+00,   1.84365, 0.46875E+01
       9,2026-06-19T10:49:43.766+02:00, 0.230E+00,   2.07411, 0.49531E+01
      10,2026-06-19T10:49:43.966+02:00, 0.230E+00,   2.30457, 0.51094E+01
      20,2026-06-19T10:49:46.099+02:00, 0.230E+00,   4.60913, 0.71719E+01
      30,2026-06-19T10:49:48.568+02:00, 0.230E+00,   6.91370, 0.95469E+01
      40,2026-06-19T10:49:50.957+02:00, 0.230E+00,   9.21826, 0.11828E+02
      50,2026-06-19T10:49:53.702+02:00, 0.230E+00,  11.52283, 0.14422E+02
      60,2026-06-19T10:49:56.701+02:00, 0.230E+00,  13.82739, 0.17266E+02
      70,2026-06-19T10:49:59.188+02:00, 0.230E+00,  16.13196, 0.19578E+02
      80,2026-06-19T10:50:01.601+02:00, 0.230E+00,  18.43652, 0.21969E+02
      90,2026-06-19T10:50:04.008+02:00, 0.230E+00,  20.74109, 0.24344E+02
     100,2026-06-19T10:50:06.323+02:00, 0.230E+00,  23.04565, 0.26562E+02
     200,2026-06-19T10:50:48.822+02:00, 0.112E+00,  41.24787, 0.67203E+02
     300,2026-06-19T10:51:41.091+02:00, 0.898E-01,  51.05879, 0.11719E+03
     400,2026-06-19T10:52:28.414+02:00, 0.791E-01,  59.21829, 0.16284E+03
     500,2026-06-19T10:53:21.729+02:00, 0.691E-01,  66.37707, 0.21422E+03
     600,2026-06-19T10:54:02.968+02:00, 0.626E-01,  72.53928, 0.25311E+03
     700,2026-06-19T10:54:57.145+02:00, 0.569E-01,  78.41794, 0.30450E+03
     800,2026-06-19T10:56:00.000+02:00, 0.535E-01,  83.49177, 0.36519E+03
     900,2026-06-19T10:57:12.544+02:00, 0.490E-01,  88.74425, 0.43403E+03
    1000,2026-06-19T10:58:24.065+02:00, 0.458E-01,  93.55167, 0.50388E+03
    1100,2026-06-19T10:59:18.689+02:00, 0.460E-01,  98.63752, 0.55641E+03
    1200,2026-06-19T11:00:12.558+02:00, 0.419E-01, 103.14014, 0.60892E+03
    1300,2026-06-19T11:01:04.914+02:00, 0.370E-01, 107.50532, 0.65934E+03
    1400,2026-06-19T11:01:57.522+02:00, 0.461E-01, 111.75238, 0.70981E+03
    1500,2026-06-19T11:02:50.131+02:00, 0.402E-01, 115.99482, 0.76122E+03
    1600,2026-06-19T11:03:44.079+02:00, 0.375E-01, 119.95572, 0.81331E+03
    1700,2026-06-19T11:04:38.176+02:00, 0.425E-01, 124.06602, 0.86531E+03
    1800,2026-06-19T11:05:36.543+02:00, 0.378E-01, 127.76066, 0.92123E+03
    1900,2026-06-19T11:06:27.243+02:00, 0.417E-01, 131.75167, 0.97031E+03
    2000,2026-06-19T11:07:20.236+02:00, 0.354E-01, 135.66813, 0.10211E+04
    2100,2026-06-19T11:08:13.282+02:00, 0.380E-01, 139.34122, 0.10725E+04
    2200,2026-06-19T11:09:18.319+02:00, 0.411E-01, 143.03055, 0.11354E+04
    2300,2026-06-19T11:10:31.922+02:00, 0.394E-01, 146.79238, 0.12067E+04
    2400,2026-06-19T11:11:43.643+02:00, 0.320E-01, 150.74547, 0.12765E+04
    2500,2026-06-19T11:12:59.864+02:00, 0.367E-01, 154.28732, 0.13504E+04
    2600,2026-06-19T11:14:15.643+02:00, 0.383E-01, 157.97426, 0.14237E+04
    2700,2026-06-19T11:15:30.000+02:00, 0.330E-01, 161.44231, 0.14955E+04
    2800,2026-06-19T11:16:43.224+02:00, 0.349E-01, 164.78016, 0.15656E+04
    2900,2026-06-19T11:18:00.112+02:00, 0.324E-01, 168.14028, 0.16403E+04
    3000,2026-06-19T11:19:17.649+02:00, 0.343E-01, 171.45212, 0.17149E+04
    3100,2026-06-19T11:19:56.487+02:00, 0.326E-01, 174.92788, 0.17525E+04
    3200,2026-06-19T11:20:54.824+02:00, 0.383E-01, 178.29950, 0.18086E+04
    3300,2026-06-19T11:22:08.207+02:00, 0.309E-01, 181.57182, 0.18794E+04
    3400,2026-06-19T11:23:23.065+02:00, 0.380E-01, 184.93419, 0.19518E+04
    3500,2026-06-19T11:24:37.259+02:00, 0.312E-01, 188.09019, 0.20239E+04
    3600,2026-06-19T11:25:52.191+02:00, 0.299E-01, 191.34148, 0.20962E+04
    3700,2026-06-19T11:27:04.870+02:00, 0.306E-01, 194.43003, 0.21659E+04
    3800,2026-06-19T11:28:19.962+02:00, 0.325E-01, 197.57863, 0.22379E+04
    3900,2026-06-19T11:29:46.942+02:00, 0.276E-01, 200.60573, 0.23222E+04
    4000,2026-06-19T11:31:07.342+02:00, 0.367E-01, 203.72727, 0.24001E+04
    4100,2026-06-19T11:32:26.444+02:00, 0.311E-01, 206.86125, 0.24768E+04
    4200,2026-06-19T11:33:20.303+02:00, 0.278E-01, 209.94206, 0.25269E+04
    4300,2026-06-19T11:34:28.192+02:00, 0.367E-01, 213.11191, 0.25913E+04
    4400,2026-06-19T11:35:49.604+02:00, 0.277E-01, 216.06622, 0.26700E+04
    4500,2026-06-19T11:37:12.631+02:00, 0.299E-01, 219.14511, 0.27505E+04
    4600,2026-06-19T11:38:19.293+02:00, 0.342E-01, 222.23791, 0.28151E+04
    4700,2026-06-19T11:39:19.136+02:00, 0.319E-01, 225.51367, 0.28733E+04
    4800,2026-06-19T11:40:14.169+02:00, 0.247E-01, 228.51875, 0.29261E+04
    4900,2026-06-19T11:41:08.889+02:00, 0.283E-01, 231.56340, 0.29792E+04
    5000,2026-06-19T11:41:57.855+02:00, 0.346E-01, 234.76549, 0.30268E+04
    5100,2026-06-19T11:42:47.870+02:00, 0.315E-01, 237.92782, 0.30753E+04
    5200,2026-06-19T11:43:41.252+02:00, 0.323E-01, 241.27734, 0.31271E+04
    5300,2026-06-19T11:44:30.971+02:00, 0.309E-01, 244.32638, 0.31756E+04
    5400,2026-06-19T11:45:23.422+02:00, 0.286E-01, 247.58800, 0.32265E+04
    5500,2026-06-19T11:46:14.071+02:00, 0.322E-01, 250.76189, 0.32754E+04
    5600,2026-06-19T11:47:07.855+02:00, 0.297E-01, 253.89059, 0.33279E+04
    5700,2026-06-19T11:47:58.832+02:00, 0.286E-01, 256.95083, 0.33773E+04
    5800,2026-06-19T11:48:49.645+02:00, 0.270E-01, 259.93388, 0.34268E+04
    5900,2026-06-19T11:49:40.552+02:00, 0.323E-01, 263.00614, 0.34760E+04
    6000,2026-06-19T11:50:20.523+02:00, 0.287E-01, 266.05978, 0.35140E+04
    6100,2026-06-19T11:50:59.574+02:00, 0.279E-01, 268.98432, 0.35514E+04
    6200,2026-06-19T11:51:40.012+02:00, 0.306E-01, 272.27030, 0.35899E+04
    6300,2026-06-19T11:52:15.957+02:00, 0.355E-01, 275.51976, 0.36238E+04
    6400,2026-06-19T11:52:51.919+02:00, 0.257E-01, 278.50967, 0.36581E+04
    6500,2026-06-19T11:53:30.986+02:00, 0.354E-01, 281.65933, 0.36954E+04
    6600,2026-06-19T11:54:14.489+02:00, 0.295E-01, 284.91395, 0.37375E+04
    6700,2026-06-19T11:55:04.853+02:00, 0.355E-01, 288.20080, 0.37867E+04
    6800,2026-06-19T11:55:55.132+02:00, 0.290E-01, 291.21472, 0.38353E+04
    6900,2026-06-19T11:56:42.321+02:00, 0.358E-01, 294.32730, 0.38810E+04
    7000,2026-06-19T11:57:31.881+02:00, 0.300E-01, 297.41865, 0.39292E+04
    7084,2026-06-19T11:58:14.707+02:00, 0.228E-01, 300.00000, 0.39701E+04
